solution,status,has_solution,demand_error,capacity_excess,link_excess,strategic_excess,integer_error,carbon_error,water_error
accounting_location_annual_baseline,2,True,7.105427357601002e-15,1.1368683772161603e-13,0.0,0.0,0.0,0.0,0.0
accounting_location_annual_cap,2,True,6.394884621840902e-14,2.6290081223123707e-13,6.394884621840902e-14,0.0,0.0,0.0,0.0
accounting_location_time_baseline,2,True,7.105427357601002e-15,1.1368683772161603e-13,0.0,0.0,0.0,0.0,0.0
accounting_location_time_cap,2,True,9.947598300641403e-14,7.460698725481052e-14,8.526512829121202e-14,0.0,0.0,0.0,0.0
accounting_market_annual_baseline,2,True,7.105427357601002e-15,1.1368683772161603e-13,0.0,0.0,0.0,0.0,0.0
accounting_market_annual_cap,2,True,7.105427357601002e-15,2.4158453015843406e-13,0.0,0.0,0.0,0.0,0.0
accounting_market_time_baseline,2,True,7.105427357601002e-15,1.1368683772161603e-13,0.0,0.0,0.0,0.0,0.0
accounting_market_time_cap,2,True,7.105427357601002e-15,4.263256414560601e-13,0.0,0.0,0.0,0.0,0.0
audit_3,3,False,,,,,,,
audit_4,2,True,0.0,1.1723955140041653e-13,0.0,0.0,0.0,0.0,0.0
audit_5,2,True,2.3376856006507296e-12,6.750155989720952e-14,0.0,0.0,0.0,0.0,0.0
audit_6,2,True,2.1316282072803006e-14,7.105427357601002e-14,3.552713678800501e-15,0.0,0.0,0.0,0.0
audit_7,3,False,,,,,,,
baseline,2,True,7.105427357601002e-15,1.1368683772161603e-13,0.0,0.0,0.0,0.0,0.0
carbon_cap_100,2,True,7.105427357601002e-15,4.263256414560601e-13,0.0,0.0,0.0,0.0,0.0
carbon_cap_75,2,True,0.0,4.547473508864641e-13,0.0,0.0,0.0,0.0,0.0
carbon_cap_80,2,True,3.552713678800501e-15,6.394884621840902e-14,0.0,0.0,0.0,0.0,0.0
carbon_cap_85,2,True,9.947598300641403e-14,7.460698725481052e-14,8.526512829121202e-14,0.0,0.0,0.0,0.0
carbon_cap_90,2,True,2.1316282072803006e-14,2.1316282072803006e-14,7.105427357601002e-15,0.0,0.0,0.0,0.0
carbon_cap_95,2,True,0.0,2.2737367544323206e-13,0.0,0.0,0.0,0.0,0.0
handoff_hard_envelope,2,True,1.4210854715202004e-14,6.750155989720952e-14,1.4210854715202004e-14,0.0,0.0,0.0,0.0
interconnection_0.5,2,True,0.0,7.815970093361102e-14,0.0,0.0,0.0,0.0,0.0
interconnection_1,2,True,7.105427357601002e-15,1.1368683772161603e-13,0.0,0.0,0.0,0.0,0.0
interconnection_2,2,True,0.0,4.831690603168681e-13,0.0,0.0,0.0,0.0,0.0
interconnection_4,2,True,0.0,4.547473508864641e-13,0.0,0.0,0.0,0.0,0.0
internal_price_nearest_targets,2,True,0.0,2.984279490192421e-13,0.0,0.0,0.0,0.0,0.0
price_20_10,2,True,6.750155989720952e-14,7.105427357601002e-14,2.842170943040401e-14,0.0,0.0,0.0,0.0
price_C0_W0,2,True,7.105427357601002e-15,1.1368683772161603e-13,0.0,0.0,0.0,0.0,0.0
price_C0_W10,2,True,9.947598300641403e-14,8.526512829121202e-14,1.4210854715202004e-14,0.0,0.0,0.0,0.0
price_C0_W2,2,True,0.0,1.2079226507921703e-13,0.0,0.0,0.0,0.0,0.0
price_C0_W20,2,True,1.0658141036401503e-13,4.263256414560601e-13,0.0,0.0,0.0,0.0,0.0
price_C0_W40,2,True,4.618527782440651e-14,3.552713678800501e-14,4.618527782440651e-14,0.0,0.0,0.0,0.0
price_C0_W5,2,True,0.0,2.984279490192421e-13,0.0,0.0,0.0,0.0,0.0
price_C0_W80,2,True,1.8474111129762605e-13,3.552713678800501e-14,1.3500311979441904e-13,0.0,0.0,0.0,0.0
price_C10_W0,2,True,3.552713678800501e-14,1.2079226507921703e-13,1.4210854715202004e-14,0.0,0.0,0.0,0.0
price_C10_W10,2,True,1.7763568394002505e-14,3.552713678800501e-14,7.105427357601002e-15,0.0,0.0,0.0,0.0
price_C10_W2,2,True,1.4210854715202004e-14,0.0,1.4210854715202004e-14,0.0,0.0,0.0,0.0
price_C10_W20,2,True,1.3145040611561853e-13,1.7053025658242404e-13,1.3145040611561853e-13,0.0,0.0,0.0,0.0
price_C10_W40,2,True,0.0,3.410605131648481e-13,0.0,0.0,0.0,0.0,0.0
price_C10_W5,2,True,4.263256414560601e-14,2.842170943040401e-14,2.842170943040401e-14,0.0,0.0,0.0,0.0
price_C10_W80,2,True,2.4868995751603507e-14,3.552713678800501e-14,2.4868995751603507e-14,0.0,0.0,0.0,0.0
price_C20_W0,2,True,1.5774048733874224e-12,1.5631940186722204e-12,1.5774048733874224e-12,0.0,0.0,0.0,0.0
price_C20_W10,2,True,6.750155989720952e-14,7.105427357601002e-14,2.842170943040401e-14,0.0,0.0,0.0,0.0
price_C20_W2,2,True,1.2434497875801753e-13,3.552713678800501e-14,1.2434497875801753e-13,0.0,0.0,0.0,0.0
price_C20_W20,2,True,1.4921397450962104e-12,1.4921397450962104e-12,1.4921397450962104e-12,0.0,0.0,0.0,0.0
price_C20_W40,2,True,2.1316282072803006e-14,3.552713678800501e-14,2.1316282072803006e-14,0.0,0.0,0.0,0.0
price_C20_W5,2,True,1.4210854715202004e-14,6.750155989720952e-14,1.4210854715202004e-14,0.0,0.0,0.0,0.0
price_C20_W80,2,True,0.0,7.958078640513122e-13,0.0,0.0,0.0,0.0,0.0
price_C2_W0,2,True,7.105427357601002e-15,5.115907697472721e-13,0.0,0.0,0.0,0.0,0.0
price_C2_W10,2,True,1.4210854715202004e-14,0.0,0.0,0.0,0.0,0.0,0.0
price_C2_W2,2,True,1.4210854715202004e-14,8.526512829121202e-14,1.4210854715202004e-14,0.0,0.0,0.0,0.0
price_C2_W20,2,True,1.0658141036401503e-13,9.947598300641403e-14,1.0658141036401503e-13,0.0,0.0,0.0,0.0
price_C2_W40,2,True,1.4210854715202004e-14,2.8421709430404007e-13,0.0,0.0,0.0,0.0,0.0
price_C2_W5,2,True,0.0,1.7053025658242404e-13,0.0,0.0,0.0,0.0,0.0
price_C2_W80,2,True,8.526512829121202e-14,3.552713678800501e-14,5.684341886080802e-14,0.0,0.0,0.0,0.0
price_C40_W0,2,True,2.4868995751603507e-14,1.4210854715202004e-14,3.552713678800501e-15,0.0,0.0,0.0,0.0
price_C40_W10,2,True,1.3713474800169934e-12,1.3642420526593924e-12,1.3713474800169934e-12,0.0,0.0,0.0,0.0
price_C40_W2,2,True,4.263256414560601e-14,1.4210854715202004e-13,2.1316282072803006e-14,0.0,0.0,0.0,0.0
price_C40_W20,2,True,4.263256414560601e-14,5.684341886080802e-14,4.263256414560601e-14,0.0,0.0,0.0,0.0
price_C40_W40,2,True,0.0,3.410605131648481e-13,0.0,0.0,0.0,0.0,0.0
price_C40_W5,2,True,1.7692514120426495e-12,1.7621459846850485e-12,1.7692514120426495e-12,0.0,0.0,0.0,0.0
price_C40_W80,2,True,0.0,8.526512829121202e-13,0.0,0.0,0.0,0.0,0.0
price_C5_W0,2,True,7.105427357601002e-15,1.5631940186722204e-13,0.0,0.0,0.0,0.0,0.0
price_C5_W10,2,True,4.263256414560601e-14,5.684341886080802e-14,7.105427357601002e-15,0.0,0.0,0.0,0.0
price_C5_W2,2,True,7.105427357601002e-15,4.263256414560601e-13,0.0,0.0,0.0,0.0,0.0
price_C5_W20,2,True,3.552713678800501e-14,3.552713678800501e-14,3.552713678800501e-14,0.0,0.0,0.0,0.0
price_C5_W40,2,True,2.0605739337042905e-13,3.552713678800501e-14,2.842170943040401e-14,0.0,0.0,0.0,0.0
price_C5_W5,2,True,0.0,6.252776074688882e-13,0.0,0.0,0.0,0.0,0.0
price_C5_W80,2,True,0.0,7.958078640513122e-13,0.0,0.0,0.0,0.0,0.0
price_C80_W0,2,True,4.973799150320701e-14,5.684341886080802e-14,4.973799150320701e-14,0.0,0.0,0.0,0.0
price_C80_W10,2,True,3.552713678800501e-14,1.4210854715202004e-14,3.552713678800501e-14,0.0,0.0,0.0,0.0
price_C80_W2,2,True,4.263256414560601e-14,2.842170943040401e-14,1.7763568394002505e-14,0.0,0.0,0.0,0.0
price_C80_W20,2,True,8.526512829121202e-14,2.842170943040401e-14,5.684341886080802e-14,0.0,0.0,0.0,0.0
price_C80_W40,2,True,3.552713678800501e-14,3.552713678800501e-14,7.105427357601002e-15,0.0,0.0,0.0,0.0
price_C80_W5,2,True,1.2079226507921703e-13,1.1368683772161603e-13,3.552713678800501e-15,0.0,0.0,0.0,0.0
price_C80_W80,2,True,0.0,3.552713678800501e-14,0.0,0.0,0.0,0.0,0.0
water_cap_100,2,True,0.0,2.2737367544323206e-13,0.0,0.0,0.0,0.0,0.0
water_cap_85,2,True,1.4210854715202004e-14,1.9895196601282805e-13,0.0,0.0,0.0,0.0,0.0
water_cap_90,2,True,0.0,8.526512829121202e-14,0.0,0.0,0.0,0.0,0.0
water_cap_95,2,True,0.0,9.237055564881302e-14,0.0,0.0,0.0,0.0,0.0
